утилизация > утилизацияутиль > утилизациясамс > SAMSUNGsamsung > SAMSUNGгнусмас > SAMSUNGсамсунг > SAMSUNGфилипс > PHILIPSphilips > PHILIPSпхилипс > PHILIPSлджи > LGлыжи > LGЛЖ > LGэл джи > LGlg > LGsony > SONYсони > SONYпанасоник > PANASONICпанас > PANASONICpanasonic > PANASONICеленберг > ELENBERGэленберг > ELENBERGelenberg > ELENBERGtefal > TEFALтефаль > TEFALтифаль > TEFALтефал > TEFALтифал > TEFALthomson > THOMSONтомсон > THOMSONтомсан > THOMSONбосш > BOSCHbosch > BOSCHbosh > BOSCHбош > BOSCHkanon > CANONкенан > CANONкэнон > CANONcanon > CANONкэнан > CANONейчпи > HPhp > HPхп > HPэйчпи > HPhama > HAMAхама > HAMAдэу > DAEWOOдео > DAEWOOдеу > DAEWOOdaewoo > DAEWOOдэо > DAEWOOдаевоо > DAEWOOgenius > GENIUSгениус > GENIUSджениус > GENIUSжениус > GENIUSpioneer > PIONEERпеонер > PIONEERпионер > PIONEERпионеер > PIONEERсиеменс > SIEMENSsiemens > SIEMENSсименс > SIEMENSepson > EPSONэпсан > EPSONепсон > EPSONэпсон > EPSONепсан > EPSONнокия > NOKIAnokia > NOKIAнокиа > NOKIAelectrolux > ELECTROLUXэлектролюкс > ELECTROLUXелектролюкс > ELECTROLUXtoshiba > TOSHIBAтошиба > TOSHIBAтошибо > TOSHIBAvivanco > VIVANCOвиванко > VIVANCObraun > BRAUNбраун > BRAUNасер > ACERacer > ACERацер > ACERсшарп > SHARPsharp > SHARPшарп > SHARPаристон > ARISTONariston > ARISTONkenwood > KENWOODкенвуд > KENWOODкенвоод > KENWOODлогитеч > LOGITECHlogitech > LOGITECHлогитек > LOGITECHwhirlpool > WHIRLPOOLвирпоол > WHIRLPOOLвирпул > WHIRLPOOLолимпус > OLYMPUSолимпас > OLYMPUSolympus > OLYMPUSсаньйо > SANYOsanyo > SANYOсанъё > SANYOrowenta > ROWENTAровента > ROWENTAасус > ASUSasus > ASUSиндезит > INDESITindesit > INDESITmoulinex > MOULINEXмулинекс > MOULINEXнинтендо > NINTENDOnintendo > NINTENDOгорение > GORENJEgorenje > GORENJEгоренье > GORENJEделонги > DELONGHIделонджи > DELONGHIdelonghi > DELONGHIбеко > BEKObeko > BEKOкенди > CANDYcandy > CANDYканди > CANDYкэнди > CANDYзанусси > ZANUSSIzanussi > ZANUSSIзануси > ZANUSSIсвэн > SVENсвен > SVENsven > SVENcasio > CASIOкасио > CASIOмистери > MYSTERYmystery > MYSTERYmicrosoft > MICROSOFTмикрософт > MICROSOFTскарлет > SCARLETTскарлетт > SCARLETTscarlett > SCARLETTскартел > SCARLETTverbatim > VERBATIMвербатим > VERBATIMмото > MOTOROLAmotorola > MOTOROLAмоторола > MOTOROLAтрансенд > TRANSCENDtranscend > TRANSCENDтрансценд > TRANSCENDруссобит-м > RUSSOBIT-Mrussobit-m > RUSSOBIT-Mрусобит > RUSSOBIT-Mбинатон > BINATONEbinatone > BINATONEбинатоне > BINATONEцитизен > CITIZENcitizen > CITIZENситизен > CITIZENхитачи > HITACHIhitachi > HITACHIкодек > KODAKkodak > KODAKкодак > KODAKкодэк > KODAKаристон > HOTPOINT/ARISTONhotpoint/ariston > HOTPOINT/ARISTONхотпоинт аристон > HOTPOINT/ARISTONхотпоинт > HOTPOINT/ARISTONхотпоинт-аристон > HOTPOINT/ARISTONдюрасел > DURACELLduracell > DURACELLдюраселл > DURACELLhansa > HANSAханса > HANSAsandisk > SANDISKсандиск > SANDISKpolaris > POLARISполарис > POLARISполярис > POLARISmonster > MONSTERмонстэр > MONSTERмонстер > MONSTERвитёк > VITEKвитек > VITEKvitek > VITEKаппле > APPLEapple > APPLEяблоко > APPLEэпл > APPLElomond > LOMONDломонд > LOMONDникон > NIKONникан > NIKONnikon > NIKONтэксет > TEXETtexet > TEXETтексет > TEXETrolsen > ROLSENролсен > ROLSENбэбилисс > BABYLISSbabyliss > BABYLISSбэбилис > BABYLISSбэйбилис > BABYLISSбэйбилисс > BABYLISSдифендер > DEFENDERдефендер > DEFENDERdefender > DEFENDERровербук > ROVER BOOKровер бук > ROVER BOOKrover book > ROVER BOOKлиебхерр > LIEBHERRлибхир > LIEBHERRлибхерр > LIEBHERRлиебхер > LIEBHERRliebherr > LIEBHERRлибхер > LIEBHERRremington > REMINGTONремингтон > REMINGTONtop house > TOP HOUSEтоп хаус > TOP HOUSEsupra > SUPRAсупра > SUPRAпрологи > PROLOGYprology > PROLOGYпролоджи > PROLOGYпроложи > PROLOGYомнимаунт > OMNIMOUNTомнимоунт > OMNIMOUNTomnimount > OMNIMOUNTбэнкью > BENQбенкью > BENQbenq > BENQсега > SEGAsega > SEGAexplay > EXPLAYексплэй > EXPLAYэксплэй > EXPLAYэксплей > EXPLAYексплей > EXPLAYшенхейзер > SENNHEISERsennheiser > SENNHEISERсанхайзер > SENNHEISERшинхайзер > SENNHEISERшенхайзер > SENNHEISERшинхейзер > SENNHEISERфьюжитсу > FUJITSUфужитсу > FUJITSUfujitsu > FUJITSUhitechnic > HITECHNICхитехник > HITECHNICхайтехник > HITECHNICбрита > BRITAbrita > BRITAгоризонт > HORIZONTхоризонт > HORIZONThorizont > HORIZONTthomas > THOMASтхомас > THOMASтомас > THOMASдэл > DELLдэлл > DELLдел > DELLделл > DELLdell > DELLxerox > XEROXксерокс > XEROXксэрокс > XEROXджаном > JANOMEджаноме > JANOMEjanome > JANOMEфудзифильм > FUJIFILMfujifilm > FUJIFILMфуджифильм > FUJIFILMфьютжифильм > FUJIFILMритмикс > RITMIXritmix > RITMIXсмарт > SMARTsmart > SMARTprestigio > PRESTIGIOпрестигио > PRESTIGIOпрестижио > PRESTIGIOгефест > GEFESTгифест > GEFESTgefest > GEFESTсано > SANOsano > SANOатлант > ATLANTatlant > ATLANTд-линк > D-LINKd-link > D-LINKд линк > D-LINKдлинк > D-LINKбэнкью-сименс > BENQ-SIEMENSбэнкью сименс > BENQ-SIEMENSбенкью сименс > BENQ-SIEMENSbenq-siemens > BENQ-SIEMENSбенкью-сименс > BENQ-SIEMENShtc > HTCаштиси > HTCштс > HTCibm > IBMInternational Business Machines > IBMибм > IBMайбиэм > IBMзиксэл > ZYXELзиксел > ZYXELzyxel > ZYXELвалера > VALERAvalera > VALERAcisco > CISCOцыско > CISCOциско > CISCOсигейт > SEAGATEseagate > SEAGATEсиагейт > SEAGATEсоло > SOLOsolo > SOLOсониэрикссон > SONYERICSSONsonyericsson > SONYERICSSONсони эрикссон > SONYERICSSONiconbit > ICONBITиконбит > ICONBITtricolor > TRICOLORтриколор > TRICOLORdigital > DIGITALдижитал > DIGITALдигитал > DIGITALзэлмер > ZELMERzelmer > ZELMERзелмер > ZELMERдоктор веб > DR.WEBдр.веб > DR.WEBdr.web > DR.WEBдоктор вэб > DR.WEBдр.вэб > DR.WEBgalaxy > GALAXYгэлэкси > GALAXYгалакси > GALAXYгэлакси > GALAXYrazer > RAZERрэзер > RAZERрейзер > RAZERсаньйо > SANYOOsanyoo > SANYOOсанъё > SANYOOсаньйу > SANYOOскарлет > SKARLETTскарлетт > SKARLETTskarlett > SKARLETTпсп > pspпээспэ > psppsp > pspси ди > CDсд > CDcd > CDсиди > CDiPod > MP3-плеер iPodай под > MP3-плеер iPodайпод > MP3-плеер iPodипод > MP3-плеер iPodшзщв > MP3-плеер iPodmp3-плеер ipod > MP3-плеер iPodmmc > MMCмультимедиа кард > MMCММЦ > MMCэсди > SDsd > SDэс ди > SDSD карта > SDсекьюр дигитал > SDsecure digital > SDсекьюр диджитал > SDxd > XDxD-Picture Card > XDхд > XDаккумуляторы > Аккумуляторыакумуляторы > Аккумуляторыаксесуары > Аксессуарыаксессуары > Аксессуарыаксы > Аксессуарыальбомы > Альбомыантэнны > Антенныантены > Антенныантенны > Антенныантэны > Антенныаудиокасеты > Аудиокассетыаудиакасеты > Аудиокассетыаудиакассеты > Аудиокассетыаудиокассеты > Аудиокассетыаэро грили > Аэрогрилиаэрогрили > Аэрогрилиаерогрили > Аэрогрилиаеро грили > Аэрогрилибатарейки > Батарейкибатареи > Батарейкибеспроводные > Беспроводныебес проводные > Беспроводныебез провода > Беспроводныеблендеры > Блендерыблэндеры > Блендерыблинницы > Блинницыблиницы > Блинницыбрилки > Брелкибрелоки > Брелкибрелки > Брелкибумага > Бумагавентиляторы > Вентиляторывинтиляторы > Вентиляторывесы > Весывисы > Весывидеокассеты > Видеокассетывидео касеты > Видеокассетывидеокасеты > Видеокассетывидео кассеты > Видеокассетыводонагреватели > Водонагревателибойлеры > Водонагревателинагреватели воды > Водонагревателинагреватели для воды > Водонагревателивоздухоочистители > Воздухоочистителивоздухочистители > Воздухоочистителиочистители воздуха > Воздухоочистителифотовспышки > Вспышкивспышки > Вспышкивспышки для фототоаппаратов > Вспышкивытижки > Вытяжкивытяжки > Вытяжкиаксесуары > Гарнитурыаксы > Гарнитурыгарнитуры > Гарнитурыджойпады > Геймпадыгеймпады > Геймпадыигровые контроллеры > Геймпадыигровые манипуляторы > Геймпадыджойстики > Джойстикиджостики > Джойстикидиктафоны > Диктофоныдиктофоны > Диктофоныфлоп > Дискетыдискеты > Дискетыфлопик > Дискетызеркала > Зеркалаgames > Игрыигры > Игрыигры для ПК > Игрыигры для приставок > Игрывидеоигры > Игрыинструменты > Инструментыйогуртницы > Йогуртницыкалькуляторы > Калькуляторывидеокамеры > Камерыкамеры > Камерыкартриджи > Картриджитонеры > Картриджирасходные материалы > Картриджифильмы > Кинокино > Киноклавы > Клавиатурыкейборды > Клавиатурыклавиатуры > Клавиатурыколонки > Колонкиспикеры > Колонкикомплекты > Комплектыконденсаторы > Конденсаторыкондеи > Кондиционерыкондеры > Кондиционерыкондиционеры > Кондиционерыкондёры > Кондиционерыконтейнеры > Контейнерыдоговоры > Контрактыконтракты > Контрактыкопировальные аппараты > Копирыкопиры > Копирыкофе варки > Кофеваркикофеварки > Кофеваркикофемашины > Кофемашиныкофе машины > Кофемашиныкофе молки > Кофемолкикофемолки > Кофемолкикресла > Кресластулья > Креслакомпьютерные кресла > Креслалампы > Лампочкилампочки > Лампочкилампы освещения > Лампочкиломтерезки > Ломтерезкимашинки для нарезки > Ломтерезкиавтомагнитолы > Магнитолымагнитолы в авто > Магнитолымагнитолы > Магнитолымасажеры > Массажерымассажеры > Массажерымебель > Мебельмедианосители > Медианосителипогодные станции > Метеостанцииметео станции > Метеостанцииметеостанции > Метеостанциимиксиры > Миксерымиксеры > Миксерымини-диски > Минидискиминидиски > Минидискимодемы > Модемымониторы > Мониторымоники > Мониторыморозильники > Морозильникиморозильные камеры > Морозильникимузыка > Музыкапесни > Музыкамультиварки > Мультиваркимультимедиа > Мультимедиамуляжи > Муляжимулежи > Муляжимулижи > Муляжипринер-сканер-копир > МФУ3в1 > МФУмфу > МФУмясорубки > Мясорубкиаксесуары > Насадкинасадки > Насадкиаесессуары > Насадкиаксы > Насадкиуши > Наушникинаушники > Наушникинэтбуки > Нетбукинетбуки > Нетбукиножи > Ножиножики > Ножикухонные ножи > Ножиноутбуки > Ноутбукиноуты > Ноутбукилаптопы > Ноутбукилэптопы > Ноутбукиnotebooks > Ноутбукиночные лампы > Ночникиночники > Ночникиобьективы > Объективыобъективы > Объективыоргтехника > Орг.техникаорг.техника > Орг.техникаотпариватели для одежды > Отпаривателиотпариватели > Отпаривателиварки > Пароваркипароварки > Пароваркиочистители паром > Пароочистителипароочистители > Пароочистителипосуда > Посудапринтеры > Принтерыпроводные > Проводныедругое > Прочеепрочее > Прочеепульты > Пультыпылесборники > Пылесборникипылесос > Пылесосыпылики > Пылесосыпылесосы > Пылесосырадио > Радиорадио-няня > Радионянирадионяни > Радионянивидео няня > Радионянирадио няня > Радионянирамки > Рамкирекордеры > Рекордерыресиверы > Ресиверырутеры > Роутерымаршрутизаторы > Роутерыроутеры > Роутерыраутеры > Роутерырули > Рулисабвуферы > Сабвуферысабы > Сабвуферысаб > Сабвуферысаунд-бары > Саундбарысаундбары > Саундбарысоундбары > Саундбарысканеры > Сканерысковородки > Сковородысковороды > Сковородысоковыжималки > Соковыжималкисолярии > Солярииприложения > Софтсофт > Софтпрограммы > Софтстерилизаторы > Стерилизаторыстолы > Столыстолики > Столытаймеры > Таймерывентиляторы с обогревом > Тепловентиляторытепловентиляторы > Тепловентиляторытепло вентиляторы > Тепловентиляторыградусники > Термометрытермометры > Термометрытермопоты > Термопотытермосы > Термосытэрмосы > Термосытостеры > Тостерытостэры > Тостерытройники > Тройникиудлинители > Удлинителипилоты > Удлинителиукрашения > Украшенияультрабуки > Ультрабукиусилки > Усилителиусилители > Усилителиуслуги > Услугисервис > Услугиутюги > Утюгифаксимильные апараты > Факсыфаксы > Факсыфаксимильные аппараты > Факсыфены > Феныфэны > Феныфильмы > Фильмыкино > Фильмыфильтры > Фильтрыфонари > Фонарифонарики > Фонарифотопленка > Фотопленкафото-пленка > Фотопленкафритюрницы > Фритюрницыхлебопечи > Хлебопечкихлебопечки > Хлебопечкичайники > ЧайникиCD-чейнджеры > Чейнджерычейнджеры > Чейнджерыштативы > Штативыщипцы > Щипцыэлектро-грили > Электрогрилиэлектрогрили > Электрогрилиэлектро-инструмент > Электроинструментэлектроинструмент > Электроинструментэлектромельницы > Электромельничкиэлектромельнички > Электромельничкиэпиляторы > Эпиляторыипиляторы > Эпиляторыяйцеварки > Яйцеваркиwelly > Wellyтономер > Тонометртонометр > Тонометрмонопод > Моноподайфон > Смартфон iPhoneшзрщту > Смартфон iPhoneсмартфон iphone > Смартфон iPhoneiphone > Смартфон iPhoneлего > LEGOlego > LEGOlenovo > LENOVOленово > LENOVOgta > Grand Theft Autoгта > Grand Theft Autogrand theft auto > Grand Theft Autoсамсунг галакси > Samsung Galaxysamsung galaxy > Samsung Galaxyсамсунг гэлакси > Samsung Galaxyсвч печь > Микроволновая печьмикроволновая печь > Микроволновая печьмикроволновка > Микроволновая печьiPad > Планшет iPadпланшет ipad > Планшет iPadайпад > Планшет iPadшзфв > Планшет iPadгта5 > Grand Theft Auto Vгтаv > Grand Theft Auto Vgta5 > Grand Theft Auto Vгта v > Grand Theft Auto Vgrand theft auto v > Grand Theft Auto Vgta v > Grand Theft Auto Vgta 5 > Grand Theft Auto Vgtav > Grand Theft Auto Vгта 5 > Grand Theft Auto Vgopro > GoProго про > GoProgo pro > GoProгопро > GoProэлектроплита > Электрическая плитаэлектрическая плита > Электрическая плитаэлектроплитка > Электрическая плитаэлектроплиты > Электрическая плитаэлектровафельница > Вафельницавафельница > Вафельницаdolce gusto > Dolce Gustoдольче густо > Dolce Gustoстиральная машина > Стиральная машинастиралка > Стиральная машинаселфи > Селфиselfie > Селфиselfi > Селфислфи > Селфиhappy > Happyжк телевизор > LED телевизорled телевизор > LED телевизоржк телевизоры > LED телевизорzapf creation > ZAPF CREATIONбеби борн > ZAPF CREATIONbaby annabell > ZAPF CREATIONbaby born > ZAPF CREATIONбеби бон > ZAPF CREATIONбэби бон > ZAPF CREATIONмоноколесо > Моноциклэлектро колесо > Моноциклэлектроколесо > Моноциклмоноцикл > Моноциклэлектрическое колесо > Моноциклtouchbeauty > touchbeautyтерка > ТеркаТёрка > Теркаwhiscas > WHISKASwhiskas > WHISKASвискас > WHISKASdbcrfc > WHISKASцршылфы > WHISKASkitekat > KITEKATкитикет > KITEKATлшеулфе > KITEKATrbnbrtn > KITEKATkite kat > KITEKATкитекат > KITEKATperfectfit > PERFECT FITperfect fit > PERFECT FITзукаусе аше > PERFECT FITперфект фит > PERFECT FITgthatrn abn > PERFECT FITсфеыфт > CATSANкатсан > CATSANcatsan > CATSANrfncfy > CATSANпедигри > PEDIGREEпедегри > PEDIGREEdenta > PEDIGREEdenta stix > PEDIGREEpedigre > PEDIGREEpedigree > PEDIGREEdenta sticks > PEDIGREEдента стикс > PEDIGREEзувшпкуу > PEDIGREEgtlbuhb > PEDIGREEдента стик > PEDIGREEпеди гри > PEDIGREEpedegree > PEDIGREEсрфппи > CHAPPIchappi > CHAPPIчаппи > CHAPPIчапи > CHAPPIchapi > CHAPPIsheba > SHEBAit,f > SHEBAшэба > SHEBAыруиф > SHEBAшеба > SHEBAdrimis > DREAMIESdreamies > DREAMIESдримис > DREAMIESвкуфьшуы > DREAMIEScesar > CESARwtpfhm > CESARцезарь > CESARсуыфк > CESAR[fubc > HUGGIES[fuubc > HUGGIESхагис > HUGGIESхаггис > HUGGIEShuggies > HUGGIESnhecbrb > Трусикитрусики > Трусикиэлит софт > Elite Softelite soft > Elite Softultra comfort > Ultra Comfortультра комфорт > Ultra Comfortdrynites > DryNitesдрай найтс > DryNitesдрайнайтс > DryNites